result,table,_start,_stop,_time,_measurement,device_id,status,accepted_count,db_write_ms,duplicate_count,ingest_latency_ms,payload_bytes,processing_total_ms,rejected_count,throughput_msg_s
_result,0,2026-09-28 08:00:02.593537+00:00,2026-09-29 08:00:02.593537+00:00,2026-09-29 07:14:14.776000+00:00,pipeline_metrics,esp32-b23dcat250,accepted,1,28.173799975775182,0,-1.0,163,508.2179000019096,0,0.023434570678653916
_result,0,2026-09-28 08:00:02.593537+00:00,2026-09-29 08:00:02.593537+00:00,2026-09-29 07:14:28.898000+00:00,pipeline_metrics,esp32-b23dcat250,accepted,2,49.4814999983646,0,-1.0,164,511.97599997976795,0,0.035213127453902114
_result,0,2026-09-28 08:00:02.593537+00:00,2026-09-29 08:00:02.593537+00:00,2026-09-29 07:14:44.050000+00:00,pipeline_metrics,esp32-b23dcat250,accepted,3,92.08199998829514,0,-1.0,164,412.22100000595674,0,0.041748423996996006
_result,0,2026-09-28 08:00:02.593537+00:00,2026-09-29 08:00:02.593537+00:00,2026-09-29 07:14:59.307000+00:00,pipeline_metrics,esp32-b23dcat250,accepted,4,7.241899962536991,0,-1.0,164,414.9968000128865,0,0.04591948019148595
_result,0,2026-09-28 08:00:02.593537+00:00,2026-09-29 08:00:02.593537+00:00,2026-09-29 07:15:14.980000+00:00,pipeline_metrics,esp32-b23dcat250,accepted,5,84.97889997670427,0,4911.0,176,521.3202000013553,0,0.048595115219016646
_result,0,2026-09-28 08:00:02.593537+00:00,2026-09-29 08:00:02.593537+00:00,2026-09-29 07:15:30.142000+00:00,pipeline_metrics,esp32-b23dcat250,accepted,6,87.62799995020032,0,15073.0,176,500.57179998839274,0,0.05083410290516156
_result,0,2026-09-28 08:00:02.593537+00:00,2026-09-29 08:00:02.593537+00:00,2026-09-29 07:15:42.327000+00:00,pipeline_metrics,esp32-b23dcat250,accepted,7,49.173700041137636,0,22258.0,176,503.9874999783933,0,0.053755596341530786
_result,0,2026-09-28 08:00:02.593537+00:00,2026-09-29 08:00:02.593537+00:00,2026-09-29 07:15:55.116000+00:00,pipeline_metrics,esp32-b23dcat250,accepted,8,86.8423999636434,0,30047.0,176,364.0480000176467,0,0.055999272009465154
_result,0,2026-09-28 08:00:02.593537+00:00,2026-09-29 08:00:02.593537+00:00,2026-09-29 07:16:07.221000+00:00,pipeline_metrics,esp32-b23dcat250,accepted,9,89.42059997934848,0,37152.0,176,359.94840000057593,0,0.05807613135528796
_result,0,2026-09-28 08:00:02.593537+00:00,2026-09-29 08:00:02.593537+00:00,2026-09-29 07:16:18.981000+00:00,pipeline_metrics,esp32-b23dcat250,accepted,10,41.80190002080053,0,43912.0,177,503.2428000122309,0,0.0599250936329588
_result,0,2026-09-28 08:00:02.593537+00:00,2026-09-29 08:00:02.593537+00:00,2026-09-29 07:16:30.037000+00:00,pipeline_metrics,esp32-b23dcat250,accepted,11,43.27900003409013,0,49968.0,177,358.7249999982305,0,0.06187387853594554
_result,0,2026-09-28 08:00:02.593537+00:00,2026-09-29 08:00:02.593537+00:00,2026-09-29 07:16:42.020000+00:00,pipeline_metrics,esp32-b23dcat250,accepted,12,45.66589999012649,0,56951.0,177,316.3046999834478,0,0.06325144028799123
_result,0,2026-09-28 08:00:02.593537+00:00,2026-09-29 08:00:02.593537+00:00,2026-09-29 07:16:53.688000+00:00,pipeline_metrics,esp32-b23dcat250,accepted,13,84.67559999553487,0,63619.0,177,518.0500000133179,0,0.0644860462116797
_result,0,2026-09-28 08:00:02.593537+00:00,2026-09-29 08:00:02.593537+00:00,2026-09-29 07:17:05.579000+00:00,pipeline_metrics,esp32-b23dcat250,accepted,14,42.89809998590499,0,70510.0,177,398.2604999910109,0,0.06561218512009373
_result,0,2026-09-28 08:00:02.593537+00:00,2026-09-29 08:00:02.593537+00:00,2026-09-29 07:17:17.244000+00:00,pipeline_metrics,esp32-b23dcat250,accepted,15,42.75790002429858,0,77175.0,177,408.9432999608107,0,0.06665274364909834
_result,0,2026-09-28 08:00:02.593537+00:00,2026-09-29 08:00:02.593537+00:00,2026-09-29 07:17:28.913000+00:00,pipeline_metrics,esp32-b23dcat250,accepted,16,6.667599955108017,0,83844.0,177,419.4883999880403,0,0.0675906876929914
_result,0,2026-09-28 08:00:02.593537+00:00,2026-09-29 08:00:02.593537+00:00,2026-09-29 07:17:40.693000+00:00,pipeline_metrics,esp32-b23dcat250,accepted,17,45.42410001158714,0,90624.0,177,414.94510002667084,0,0.06841046277665996
_result,0,2026-09-28 08:00:02.593537+00:00,2026-09-29 08:00:02.593537+00:00,2026-09-29 07:17:52.568000+00:00,pipeline_metrics,esp32-b23dcat250,accepted,18,43.26160001801327,0,97499.0,177,333.9280999498442,0,0.069151776624389
_result,0,2026-09-28 08:00:02.593537+00:00,2026-09-29 08:00:02.593537+00:00,2026-09-29 07:19:06.299000+00:00,pipeline_metrics,esp32-b23dcat250,accepted,19,44.79499999433756,0,54.0,175,323.0144999688491,0,0.05688350258670188
_result,0,2026-09-28 08:00:02.593537+00:00,2026-09-29 08:00:02.593537+00:00,2026-09-29 07:19:21.042000+00:00,pipeline_metrics,esp32-b23dcat250,accepted,20,6.179899966809899,0,9797.0,176,282.30010002152994,0,0.05735276827473596
_result,0,2026-09-28 08:00:02.593537+00:00,2026-09-29 08:00:02.593537+00:00,2026-09-29 07:19:37.282000+00:00,pipeline_metrics,esp32-b23dcat250,accepted,21,54.20720000984147,0,21037.0,176,324.31150000775233,0,0.057534246575342465
_result,0,2026-09-28 08:00:02.593537+00:00,2026-09-29 08:00:02.593537+00:00,2026-09-29 07:19:52.325000+00:00,pipeline_metrics,esp32-b23dcat250,accepted,22,85.18210001057014,0,31080.0,176,355.98240001127124,0,0.0578828556243661
_result,0,2026-09-28 08:00:02.593537+00:00,2026-09-29 08:00:02.593537+00:00,2026-09-29 07:20:06.357000+00:00,pipeline_metrics,esp32-b23dcat250,accepted,23,43.74029999598861,0,40112.0,176,319.64249996235594,0,0.05836630183498226
_result,0,2026-09-28 08:00:02.593537+00:00,2026-09-29 08:00:02.593537+00:00,2026-09-29 07:20:18.873000+00:00,pipeline_metrics,esp32-b23dcat250,accepted,24,43.804500019177794,0,47628.0,176,430.7586000068113,0,0.059013297663069966
_result,0,2026-09-28 08:00:02.593537+00:00,2026-09-29 08:00:02.593537+00:00,2026-09-29 07:20:31.532000+00:00,pipeline_metrics,esp32-b23dcat250,accepted,25,85.32679994823411,0,55287.0,176,437.41979997139424,0,0.05961479305320786
_result,0,2026-09-28 08:00:02.593537+00:00,2026-09-29 08:00:02.593537+00:00,2026-09-29 07:20:44.605000+00:00,pipeline_metrics,esp32-b23dcat250,accepted,26,43.903500016313046,0,63360.0,176,397.8827000246383,0,0.06013076127856455
_result,0,2026-09-28 08:00:02.593537+00:00,2026-09-29 08:00:02.593537+00:00,2026-09-29 07:20:57.603000+00:00,pipeline_metrics,esp32-b23dcat250,accepted,27,46.3731000199914,0,71358.0,176,343.6524999560788,0,0.06062946861638548
_result,0,2026-09-28 08:00:02.593537+00:00,2026-09-29 08:00:02.593537+00:00,2026-09-29 07:21:11.681000+00:00,pipeline_metrics,esp32-b23dcat250,accepted,28,83.82920001167804,0,80436.0,177,373.4763999818824,0,0.060944022914949464
_result,0,2026-09-28 08:00:02.593537+00:00,2026-09-29 08:00:02.593537+00:00,2026-09-29 07:21:24.254000+00:00,pipeline_metrics,esp32-b23dcat250,accepted,29,46.03920003864914,0,88009.0,177,325.84220002172515,0,0.061444713529908705

